{
  "gain": 1.5,
  "factory_sound_level": 0.0041039264760911465,
  "silence_level": 0.0003204345703125
}