{
  "gain": 1.0,
  "factory_sound_level": 0.006815665401518345,
  "silence_level": 0.00042724609375
}